{
    "chexbert_f1_weighted": 0.31573669467787113,
    "chexbert_f1_micro": 0.3230769230769231,
    "chexbert_f1_macro": 0.1859543817527011,
    "chexbert_f1_micro_5": 0.30303030303030304,
    "chexbert_f1_macro_5": 0.21714285714285714,
    "radgraph_f1_RG_E": 0.13827024051678422,
    "radgraph_f1_RG_ER": 0.1138025199521616,
    "training_time_seconds": 25200
}