{
    "chexbert_f1_weighted": 0.5126064176448746,
    "chexbert_f1_micro": 0.4930194360799343,
    "chexbert_f1_macro": 0.30501564261900693,
    "chexbert_f1_micro_5": 0.46195385370643105,
    "chexbert_f1_macro_5": 0.4257148091279978,
    "radgraph_f1_RG_E": 0.20991351055820823,
    "radgraph_f1_RG_ER": 0.1812404887786677,
    "training_time_seconds": 4020
}