{
    "chexbert_f1_weighted": 0.48175577991120994,
    "chexbert_f1_micro": 0.4632578932662755,
    "chexbert_f1_macro": 0.26982756949127157,
    "chexbert_f1_micro_5": 0.4490136148930258,
    "chexbert_f1_macro_5": 0.3972073881872486,
    "radgraph_f1_RG_E": 0.20000108952114867,
    "radgraph_f1_RG_ER": 0.17241480682766522,
    "training_time_seconds": 2010
}