{
    "chexbert_f1_weighted": 0.06863865546218487,
    "chexbert_f1_micro": 0.08450704225352113,
    "chexbert_f1_macro": 0.04309723889555822,
    "chexbert_f1_micro_5": 0.0,
    "chexbert_f1_macro_5": 0.0,
    "radgraph_f1_RG_E": 0.048396168412321326,
    "radgraph_f1_RG_ER": 0.046981607646427594,
    "training_time_seconds": 6547.56120800972
}