{
    "chexbert_f1_weighted": 0.3529698996102341,
    "chexbert_f1_micro": 0.37030805073776857,
    "chexbert_f1_macro": 0.22729493223827638,
    "chexbert_f1_micro_5": 0.390771259063942,
    "chexbert_f1_macro_5": 0.33108480982509014,
    "radgraph_f1_RG_E": 0.15367219167956295,
    "radgraph_f1_RG_ER": 0.13663551301674717,
    "training_time_seconds": 1419.998877286911
}