{
    "chexbert_f1_weighted": 0.2402602036127737,
    "chexbert_f1_micro": 0.2820553611199491,
    "chexbert_f1_macro": 0.14933556395849326,
    "chexbert_f1_micro_5": 0.31086989295944517,
    "chexbert_f1_macro_5": 0.2410882761370589,
    "radgraph_f1_RG_E": 0.1446982247035117,
    "radgraph_f1_RG_ER": 0.12883092886276973,
    "training_time_seconds": 774.2637364864349
}