{
    "chexbert_f1_weighted": 0.4609156319817668,
    "chexbert_f1_micro": 0.4426078971533517,
    "chexbert_f1_macro": 0.2634906008181698,
    "chexbert_f1_micro_5": 0.49770031469377873,
    "chexbert_f1_macro_5": 0.4108381959561439,
    "radgraph_f1_RG_E": 0.17363738688887664,
    "radgraph_f1_RG_ER": 0.14595840801259313,
    "training_time_seconds": 1800
}