{
    "chexbert_f1_weighted": 0.2702947845804989,
    "chexbert_f1_micro": 0.20408163265306123,
    "chexbert_f1_macro": 0.10113378684807255,
    "chexbert_f1_micro_5": 0.2,
    "chexbert_f1_macro_5": 0.13714285714285715,
    "radgraph_f1_RG_E": 0.0951314274559782,
    "radgraph_f1_RG_ER": 0.07063673679248103,
    "training_time_seconds": 1037.9373557567596
}