{
    "chexbert_f1_weighted": 0.45399617767391137,
    "chexbert_f1_micro": 0.4120413922859831,
    "chexbert_f1_macro": 0.2548034829163869,
    "chexbert_f1_micro_5": 0.3798203909138933,
    "chexbert_f1_macro_5": 0.3556765510647598,
    "radgraph_f1_RG_E": 0.15694018250859693,
    "radgraph_f1_RG_ER": 0.13185569901203575,
    "training_time_seconds": 137.75241136550903
}