{
    "chexbert_f1_weighted": 0.4367513704912465,
    "chexbert_f1_micro": 0.4293737714125246,
    "chexbert_f1_macro": 0.2506877132841855,
    "chexbert_f1_micro_5": 0.47706422018348627,
    "chexbert_f1_macro_5": 0.42718946568834026,
    "radgraph_f1_RG_E": 0.18459949752239857,
    "radgraph_f1_RG_ER": 0.15193239851252682,
    "training_time_seconds": 402
}