{
    "chexbert_f1_weighted": 0.36769738198309626,
    "chexbert_f1_micro": 0.4,
    "chexbert_f1_macro": 0.14009482580911153,
    "chexbert_f1_micro_5": 0.4,
    "chexbert_f1_macro_5": 0.1890909090909091,
    "radgraph_f1_RG_E": 0.0944118605408928,
    "radgraph_f1_RG_ER": 0.0913243006993007,
    "training_time_seconds": 91.87217569351196
}