{
    "chexbert_f1_weighted": 0.19588744588744586,
    "chexbert_f1_micro": 0.2,
    "chexbert_f1_macro": 0.06277056277056277,
    "chexbert_f1_micro_5": 0.15384615384615385,
    "chexbert_f1_macro_5": 0.06666666666666667,
    "radgraph_f1_RG_E": 0.12233480378641667,
    "radgraph_f1_RG_ER": 0.09010096263385736,
    "training_time_seconds": 111.312575340271
}