{
    "chexbert_f1_weighted": 0.5514992944921766,
    "chexbert_f1_micro": 0.22187034277198212,
    "chexbert_f1_macro": 0.06686352497595689,
    "chexbert_f1_micro_5": 0.3363265306122449,
    "chexbert_f1_macro_5": 0.13610675882156817,
    "radgraph_f1_RG_E": 0.0,
    "radgraph_f1_RG_ER": 0.0,
    "training_time_seconds": 0
}