{
    "chexbert_f1_weighted": 0.213376204053621,
    "chexbert_f1_micro": 0.2773115376194994,
    "chexbert_f1_macro": 0.13411987993828098,
    "chexbert_f1_micro_5": 0.2393638170974155,
    "chexbert_f1_macro_5": 0.1811442582553342,
    "radgraph_f1_RG_E": 0.15777755991315226,
    "radgraph_f1_RG_ER": 0.1430657994548496,
    "training_time_seconds": 1302.535295009613
}