{
    "chexbert_f1_weighted": 0.249688956691245,
    "chexbert_f1_micro": 0.35772357723577236,
    "chexbert_f1_macro": 0.13451503154020314,
    "chexbert_f1_micro_5": 0.2903225806451613,
    "chexbert_f1_macro_5": 0.1711670480549199,
    "radgraph_f1_RG_E": 0.13795219860837202,
    "radgraph_f1_RG_ER": 0.11585475667846849,
    "training_time_seconds": 1679.7497363090515
}