{
    "chexbert_f1_weighted": 0.19448888888888888,
    "chexbert_f1_micro": 0.29213483146067415,
    "chexbert_f1_macro": 0.10253968253968256,
    "chexbert_f1_micro_5": 0.24,
    "chexbert_f1_macro_5": 0.096,
    "radgraph_f1_RG_E": 0.12441985105633688,
    "radgraph_f1_RG_ER": 0.10354817273581574,
    "training_time_seconds": 4860.392524719238
}