{
    "chexbert_f1_weighted": 0.12226343423232622,
    "chexbert_f1_micro": 0.15526007039499412,
    "chexbert_f1_macro": 0.07230005010148878,
    "chexbert_f1_micro_5": 0.08467644936252106,
    "chexbert_f1_macro_5": 0.06020854005118363,
    "radgraph_f1_RG_E": 0.15830283344388568,
    "radgraph_f1_RG_ER": 0.14276200508408132,
    "training_time_seconds": 4772.338630914688
}