{
    "chexbert_f1_weighted": 0.2519958283445897,
    "chexbert_f1_micro": 0.3530309970987937,
    "chexbert_f1_macro": 0.15217771857276174,
    "chexbert_f1_micro_5": 0.3929592297276967,
    "chexbert_f1_macro_5": 0.23630849004039792,
    "radgraph_f1_RG_E": 0.17217603991628927,
    "radgraph_f1_RG_ER": 0.15491808252900532,
    "training_time_seconds": 1960.5417177677155
}