{
    "chexbert_f1_weighted": 0.2612664472974722,
    "chexbert_f1_micro": 0.3159429682436811,
    "chexbert_f1_macro": 0.16969175408767478,
    "chexbert_f1_micro_5": 0.3369713506139154,
    "chexbert_f1_macro_5": 0.23833520682759932,
    "radgraph_f1_RG_E": 0.1609434990571049,
    "radgraph_f1_RG_ER": 0.15086049108886326,
    "training_time_seconds": 1227.2790949344635
}