{
    "chexbert_f1_weighted": 0.1676709614413131,
    "chexbert_f1_micro": 0.20977869274318064,
    "chexbert_f1_macro": 0.10360257961154726,
    "chexbert_f1_micro_5": 0.18691588785046728,
    "chexbert_f1_macro_5": 0.1280465621079332,
    "radgraph_f1_RG_E": 0.16044404698044215,
    "radgraph_f1_RG_ER": 0.13470153620091266,
    "training_time_seconds": 3302.1606912612915
}